annee;organisation_qui_paie;organisation_beneficiaire;montant;note
2025;YCID;Libanais en Yvelines (LEY);4980;Subvention YCID de 33 200 € versée par tranches selon décaissements — 15 % en 2025
2026;YCID;Libanais en Yvelines (LEY);19920;Subvention YCID de 33 200 € versée par tranches selon décaissements — 60 % en 2026
2027;YCID;Libanais en Yvelines (LEY);8300;Subvention YCID de 33 200 € versée par tranches selon décaissements — 25 % en 2027
2026;Commune de Villepreux;Libanais en Yvelines (LEY);2000;Versement de la commune à LEY
2025;Libanais en Yvelines (LEY);;1000;Réservé par LEY pour le projet (garde la somme chez elle)
2026;Libanais en Yvelines (LEY);;1000;Réservé par LEY pour le projet (garde la somme chez elle)
2027;Libanais en Yvelines (LEY);;1000;Réservé par LEY pour le projet (garde la somme chez elle)
2026;Commune de Villepreux;;500;Réservé par Villepreux — dépense engagée en propre (CMJ)
2027;Commune de Villepreux;;2000;Réservé par Villepreux — dépense engagée en propre (délégation libanaise au trail)
