projet;poste;categorie;montant_previsionnel;description;financeur;organisation_responsable;phase;tache;montant_tache;annee;valorisation;statut;commentaire
CEM Liban — Triade Villepreux · Azour · LEY;Diagnostic terrain, conception des maquettes;projet;3000;;Libanais en Yvelines (LEY);Libanais en Yvelines (LEY);Action 1 : Valorisation et rénovation du patrimoine naturel local à Azour;;;2025;;prevue;Justificatifs attendus : devis+facture prestation — Décaissement : LEY puis Azour
CEM Liban — Triade Villepreux · Azour · LEY;Aménagement du site principal du Shir;investissement;8200;;Département des Yvelines (CD78);Libanais en Yvelines (LEY);Action 1 : Valorisation et rénovation du patrimoine naturel local à Azour;;;2026;;prevue;Justificatifs attendus : devis+facture matériel + prestation — Décaissement : LEY puis Azour
CEM Liban — Triade Villepreux · Azour · LEY;Dotation d'équipement pour la réalisation des sensibilisations (panneaux explicatifs, tablettes, etc.);investissement;3200;;YCID;Libanais en Yvelines (LEY);Action 1 : Valorisation et rénovation du patrimoine naturel local à Azour;;;2026;;prevue;Justificatifs attendus : devis+facture matériel — Décaissement : LEY puis Azour
CEM Liban — Triade Villepreux · Azour · LEY;Main d’œuvre et suivi du paysagiste;projet;1000;;MEAE;Libanais en Yvelines (LEY);Action 1 : Valorisation et rénovation du patrimoine naturel local à Azour;;;2026;;prevue;Justificatifs attendus : devis+facture prestation, contrat de travail — Décaissement : LEY puis Azour
CEM Liban — Triade Villepreux · Azour · LEY;Aménagement du chemin Shir el Joub – Route vers Beba / Bteddine El Lockh;investissement;1100;• Aménagement, praticabilité et sécurisation du chemin de randonnée • Travail de balisage, nettoyage et mise en sécurité;Commune de Villepreux;Libanais en Yvelines (LEY);Action 1 : Valorisation et rénovation du patrimoine naturel local à Azour;;;2026;;prevue;Justificatifs attendus : devis+facture matériel — Décaissement : LEY puis Azour
CEM Liban — Triade Villepreux · Azour · LEY;Extension vers la vallée du Bisri;investissement;2750;• Aménagement du sentier (repos, panneaux d’information) • Développement d'activités de randonnée en quad et en vélo;Département des Yvelines (CD78);Libanais en Yvelines (LEY);Action 1 : Valorisation et rénovation du patrimoine naturel local à Azour;;;2026;;prevue;Justificatifs attendus : devis+facture matériel — Décaissement : LEY puis Azour
CEM Liban — Triade Villepreux · Azour · LEY;Site de camping ‘El Abo - Le Cave’ – Bteddine El Lockh;investissement;2950;(Aménagement des sentiers, toilettes, point d'eau);Département des Yvelines (CD78);Libanais en Yvelines (LEY);Action 1 : Valorisation et rénovation du patrimoine naturel local à Azour;;;2026;;prevue;Justificatifs attendus : devis+facture matériel — Décaissement : LEY puis Azour
CEM Liban — Triade Villepreux · Azour · LEY;Formations de jeunes guides libanais;projet;3000;;MEAE;Libanais en Yvelines (LEY);Action 1 : Valorisation et rénovation du patrimoine naturel local à Azour;;;2026;;prevue;Justificatifs attendus : devis+facture présetation, défraiement — Décaissement : LEY puis Azour
CEM Liban — Triade Villepreux · Azour · LEY;Formations de jeunes guides libanais;projet;1500;;MEAE;Libanais en Yvelines (LEY);Action 1 : Valorisation et rénovation du patrimoine naturel local à Azour;;;2027;;prevue;Justificatifs attendus : devis+facture présetation, défraiement — Décaissement : LEY puis Azour
CEM Liban — Triade Villepreux · Azour · LEY;Structuration d'une offre de randonnée cohérente avec maping, topographie, renforcement des offices touristiques locaux;projet;1450;;MEAE;Libanais en Yvelines (LEY);Action 1 : Valorisation et rénovation du patrimoine naturel local à Azour;;;2026;;prevue;Justificatifs attendus : devis+facture prestation/étude — Décaissement : LEY puis Azour
CEM Liban — Triade Villepreux · Azour · LEY;Structuration d'une offre de randonnée cohérente avec maping, topographie, renforcement des offices touristiques locaux;projet;1450;;MEAE;Libanais en Yvelines (LEY);Action 1 : Valorisation et rénovation du patrimoine naturel local à Azour;;;2027;;prevue;Justificatifs attendus : devis+facture prestation/étude — Décaissement : LEY puis Azour
CEM Liban — Triade Villepreux · Azour · LEY;Echanges de jeunes : groupes de Jeita à Azour - Animation, hébergement & nourriture en camping;projet;1800;;MEAE;Libanais en Yvelines (LEY);Action 2 : Sensibilisation des jeunes à l'environnement par des visites réciproques;;;2026;;prevue;Justificatifs attendus : devis+factures prestation et logement — Décaissement : LEY puis Azour
CEM Liban — Triade Villepreux · Azour · LEY;Echanges de jeunes : groupes de Jeita à Azour - Animation, hébergement & nourriture en camping;projet;900;;MEAE;Libanais en Yvelines (LEY);Action 2 : Sensibilisation des jeunes à l'environnement par des visites réciproques;;;2027;;prevue;Justificatifs attendus : devis+factures prestation et logement — Décaissement : LEY puis Azour
CEM Liban — Triade Villepreux · Azour · LEY;Echanges de jeunes: groupes d'Azour à Jeita - Transport (3x20 jeunes);projet;600;;Commune de Villepreux;Libanais en Yvelines (LEY);Action 2 : Sensibilisation des jeunes à l'environnement par des visites réciproques;;;2026;;prevue;Justificatifs attendus : devis+factures transport — Décaissement : LEY puis Azour
CEM Liban — Triade Villepreux · Azour · LEY;Echanges de jeunes: groupes d'Azour à Jeita - Transport (3x20 jeunes);projet;300;;Commune de Villepreux;Libanais en Yvelines (LEY);Action 2 : Sensibilisation des jeunes à l'environnement par des visites réciproques;;;2027;;prevue;Justificatifs attendus : devis+factures transport — Décaissement : LEY puis Azour
CEM Liban — Triade Villepreux · Azour · LEY;Organisation et animation des visites de terrain par un spécialiste;projet;450;;MEAE;Libanais en Yvelines (LEY);Action 2 : Sensibilisation des jeunes à l'environnement par des visites réciproques;;;2027;;prevue;Justificatifs attendus : devis+factures prestation — Décaissement : LEY puis Azour / Comité de Jumelage puis Jeïta
CEM Liban — Triade Villepreux · Azour · LEY;"Organisation par le Conseil municipal des jeunes d'une rénovation à Villepreux (petits équipements ; nourriture ; boissons)";projet;500;;Commune de Villepreux;Libanais en Yvelines (LEY);Action 2 : Sensibilisation des jeunes à l'environnement par des visites réciproques;;;2026;;prevue;Décaissement : Villepreux
CEM Liban — Triade Villepreux · Azour · LEY;Trail annuel à Azour (Mobilisation de prestataires, ravitaillement, signalisation, communication, sécurisation etc...);investissement;2000;;MEAE;Libanais en Yvelines (LEY);Action 3 - Renforcement des dynamiques locales d’attractivité touristique et de promotion du sport nature;;;2026;;prevue;Justificatifs attendus : devis+factures de prestations et achat petit matériel — Décaissement : LEY puis Azour
CEM Liban — Triade Villepreux · Azour · LEY;Trail annuel à Azour (Mobilisation de prestataires, ravitaillement, signalisation, communication, sécurisation etc...);investissement;2000;;MEAE;Libanais en Yvelines (LEY);Action 3 - Renforcement des dynamiques locales d’attractivité touristique et de promotion du sport nature;;;2027;;prevue;Justificatifs attendus : devis+factures de prestations et achat petit matériel — Décaissement : LEY puis Azour
CEM Liban — Triade Villepreux · Azour · LEY;Trail annuel à Villepreux et Jouy-en-Josas (Mobilisation de prestataires, ravitaillement, signalisation, communication, sécurisation);investissement;1000;;Commune de Villepreux;Libanais en Yvelines (LEY);Action 3 - Renforcement des dynamiques locales d’attractivité touristique et de promotion du sport nature;;;2026;oui;prevue;Justificatifs attendus : devis+factures de prestations et achat petit matériel
CEM Liban — Triade Villepreux · Azour · LEY;Trail annuel à Villepreux et Jouy-en-Josas (Mobilisation de prestataires, ravitaillement, signalisation, communication, sécurisation);investissement;1000;;Commune de Villepreux;Libanais en Yvelines (LEY);Action 3 - Renforcement des dynamiques locales d’attractivité touristique et de promotion du sport nature;;;2027;oui;prevue;Justificatifs attendus : devis+factures de prestations et achat petit matériel
CEM Liban — Triade Villepreux · Azour · LEY;Participation d'une délégation libanaise au Trail anuel à Villepreux : action de sensibilisation envers la jeunesse yvelinoise;projet;2000;;Commune de Villepreux;Libanais en Yvelines (LEY);Action 3 - Renforcement des dynamiques locales d’attractivité touristique et de promotion du sport nature;;;2027;;prevue;Justificatifs attendus : billets d'avion — Décaissement : Villepreux
CEM Liban — Triade Villepreux · Azour · LEY;Réunions de travail et COPIL (défraiement transport, hébergement, nourriture, connexion internet etc.);fonctionnement;50;;Département des Yvelines (CD78);Libanais en Yvelines (LEY);"Autres dépenses (suivi ; coordination ; coopération)";;;2025;;prevue;Justificatifs attendus : remboursement de frais, devis+factures — Décaissement : LEY puis Azour / Comité de Jumelage puis Jeïta — réparti pour facilité logistique
CEM Liban — Triade Villepreux · Azour · LEY;Réunions de travail et COPIL (défraiement transport, hébergement, nourriture, connexion internet etc.);fonctionnement;250;;Département des Yvelines (CD78);Libanais en Yvelines (LEY);"Autres dépenses (suivi ; coordination ; coopération)";;;2026;;prevue;Justificatifs attendus : remboursement de frais, devis+factures — Décaissement : LEY puis Azour / Comité de Jumelage puis Jeïta — réparti pour facilité logistique
CEM Liban — Triade Villepreux · Azour · LEY;Réunions de travail et COPIL (défraiement transport, hébergement, nourriture, connexion internet etc.);fonctionnement;250;;Département des Yvelines (CD78);Libanais en Yvelines (LEY);"Autres dépenses (suivi ; coordination ; coopération)";;;2027;;prevue;Justificatifs attendus : remboursement de frais, devis+factures — Décaissement : LEY puis Azour / Comité de Jumelage puis Jeïta — réparti pour facilité logistique
CEM Liban — Triade Villepreux · Azour · LEY;Mise à disposition (temps de travail et ressources) - Commune de Villepreux;fonctionnement;500;;Commune de Villepreux;Libanais en Yvelines (LEY);"Autres dépenses (suivi ; coordination ; coopération)";;;2025;oui;prevue;
CEM Liban — Triade Villepreux · Azour · LEY;Mise à disposition (temps de travail et ressources) - Commune de Villepreux;fonctionnement;500;;Commune de Villepreux;Libanais en Yvelines (LEY);"Autres dépenses (suivi ; coordination ; coopération)";;;2026;oui;prevue;
CEM Liban — Triade Villepreux · Azour · LEY;Mise à disposition (temps de travail et ressources) - Commune de Villepreux;fonctionnement;1000;;Commune de Villepreux;Libanais en Yvelines (LEY);"Autres dépenses (suivi ; coordination ; coopération)";;;2027;oui;prevue;
CEM Liban — Triade Villepreux · Azour · LEY;Mise à disposition (temps de travail, ressources, déplacement ) - Libanais en Yvelines;fonctionnement;1000;;Libanais en Yvelines (LEY);Libanais en Yvelines (LEY);"Autres dépenses (suivi ; coordination ; coopération)";;;2025;oui;prevue;
CEM Liban — Triade Villepreux · Azour · LEY;Mise à disposition (temps de travail, ressources, déplacement ) - Libanais en Yvelines;fonctionnement;1000;;Libanais en Yvelines (LEY);Libanais en Yvelines (LEY);"Autres dépenses (suivi ; coordination ; coopération)";;;2026;oui;prevue;
CEM Liban — Triade Villepreux · Azour · LEY;Mise à disposition (temps de travail, ressources, déplacement ) - Libanais en Yvelines;fonctionnement;1000;;Libanais en Yvelines (LEY);Libanais en Yvelines (LEY);"Autres dépenses (suivi ; coordination ; coopération)";;;2027;oui;prevue;
